admissibility_witness,algorithm,deal,elapsed_ms,expanded_nodes,foundation_move_cost,generated_nodes,h0,heuristic,reopened_nodes,solution_cost,solution_found,solution_length,stop_reason,timed_out,weight
True,A*,1,341.92999999868334,1403,-100,13226,44,buried_cards,0,-4834,True,93,solved,False,5.0
True,A*,2,163.38179999911517,644,-100,6543,44,buried_cards,60,-4898,True,90,solved,False,5.0
True,A*,3,56.581400000141,193,-100,2029,44,buried_cards,0,-5024,True,79,solved,False,5.0
True,A*,4,3942.3302999985026,29885,-100,129548,44,buried_cards,4210,-4934,True,84,solved,False,5.0
False,A*,5,30000.12179999976,193930,-100,963299,44,buried_cards,75318,,False,0,cancelled,True,5.0
True,A*,6,280.2418999999645,1062,-100,11557,44,buried_cards,0,-4891,True,89,solved,False,5.0
True,A*,7,292.16160000032687,1185,-100,11000,44,buried_cards,0,-4863,True,88,solved,False,5.0
True,A*,8,273.82829999987734,929,-100,10880,44,buried_cards,0,-5008,True,78,solved,False,5.0
False,A*,9,30011.59650000045,239777,-100,900669,44,buried_cards,131737,,False,0,cancelled,True,5.0
True,A*,10,472.4996999993891,3712,-100,15456,44,buried_cards,1242,-4874,True,93,solved,False,5.0
True,A*,11,390.4903999991802,1727,-100,15084,44,buried_cards,0,-4860,True,89,solved,False,5.0
True,A*,12,1322.9315000007773,17088,-100,33052,44,buried_cards,10872,-4762,True,105,solved,False,5.0
True,A*,13,289.06759999881615,1268,-100,11128,44,buried_cards,0,-4834,True,92,solved,False,5.0
True,A*,14,427.0070000002306,3678,-100,13991,44,buried_cards,1074,-4886,True,86,solved,False,5.0
True,A*,15,267.0632999997906,834,-100,10492,44,buried_cards,0,-4796,True,98,solved,False,5.0
True,A*,16,227.31019999991986,549,-100,10122,44,buried_cards,0,-4951,True,86,solved,False,5.0
True,A*,17,394.414999998844,2619,-100,15622,44,buried_cards,0,-4864,True,92,solved,False,5.0
True,A*,18,187.0379000010871,701,-100,7365,44,buried_cards,0,-4953,True,84,solved,False,5.0
True,A*,19,145.91500000096858,782,-100,5083,44,buried_cards,0,-4908,True,85,solved,False,5.0
True,A*,20,53.91729999973904,216,-100,2046,44,buried_cards,0,-5005,True,76,solved,False,5.0
True,A*,21,366.31320000014966,3119,-100,10548,44,buried_cards,0,-4842,True,99,solved,False,5.0
True,A*,22,119.2762999999104,345,-100,4942,44,buried_cards,0,-4953,True,85,solved,False,5.0
True,A*,23,189.90590000066732,722,-100,7309,44,buried_cards,0,-4984,True,84,solved,False,5.0
True,A*,24,1754.250800000591,16521,-100,52120,44,buried_cards,4343,-4682,True,107,solved,False,5.0
True,A*,25,259.6311999986938,1060,-100,10163,44,buried_cards,0,-4878,True,90,solved,False,5.0
True,A*,26,262.41879999906814,1732,-100,9823,44,buried_cards,375,-4926,True,83,solved,False,5.0
True,A*,27,554.0438999996695,2014,-100,21176,44,buried_cards,0,-4751,True,100,solved,False,5.0
True,A*,28,596.1642999991454,6218,-100,16033,44,buried_cards,32,-4856,True,96,solved,False,5.0
True,A*,29,2539.1476999993756,25847,-100,71141,44,buried_cards,13451,-4981,True,86,solved,False,5.0
True,A*,30,3206.1875999988843,26747,-100,106848,44,buried_cards,11190,-4801,True,101,solved,False,5.0
True,A*,31,162.70080000140297,636,-100,6286,44,buried_cards,0,-4954,True,82,solved,False,5.0
True,A*,32,6319.610599999578,56314,-100,174504,44,buried_cards,22695,-4769,True,109,solved,False,5.0
True,A*,33,53.69059999975434,199,-100,2184,44,buried_cards,0,-5027,True,74,solved,False,5.0
True,A*,34,159.0261000001192,826,-100,5725,44,buried_cards,0,-4840,True,97,solved,False,5.0
True,A*,35,2187.2707000002265,8704,-100,78164,44,buried_cards,0,-4908,True,95,solved,False,5.0
True,A*,36,278.6070000001928,1570,-100,10015,44,buried_cards,0,-4774,True,98,solved,False,5.0
False,A*,37,30000.022199999876,200602,-100,998172,44,buried_cards,95264,,False,0,cancelled,True,5.0
True,A*,38,1266.6411999998672,5141,-100,46819,44,buried_cards,0,-4766,True,96,solved,False,5.0
True,A*,39,2074.7172000010323,8369,-100,74816,44,buried_cards,0,-4712,True,107,solved,False,5.0
True,A*,40,126.72599999859813,522,-100,4688,44,buried_cards,0,-4871,True,90,solved,False,5.0
True,A*,41,239.0494999999646,1114,-100,8767,44,buried_cards,0,-4961,True,87,solved,False,5.0
True,A*,42,457.04769999974815,1401,-100,17985,44,buried_cards,0,-4846,True,95,solved,False,5.0
True,A*,43,681.6459999990911,2217,-100,26474,44,buried_cards,0,-4937,True,88,solved,False,5.0
True,A*,44,498.84930000007444,2898,-100,17993,44,buried_cards,0,-4973,True,85,solved,False,5.0
True,A*,45,669.0016000011383,3173,-100,25186,44,buried_cards,314,-4880,True,99,solved,False,5.0
True,A*,46,68.17200000114099,306,-100,2611,44,buried_cards,0,-4939,True,83,solved,False,5.0
True,A*,47,365.73430000134977,1367,-100,13511,44,buried_cards,0,-4884,True,91,solved,False,5.0
True,A*,48,453.5280000000057,2270,-100,17106,44,buried_cards,0,-4803,True,92,solved,False,5.0
True,A*,49,6814.814299999853,52965,-100,218703,44,buried_cards,26485,-4686,True,111,solved,False,5.0
True,A*,50,78.23289999942062,523,-100,2456,44,buried_cards,48,-4918,True,96,solved,False,5.0
True,A*,51,660.0275999990117,3068,-100,22441,44,buried_cards,0,-4851,True,96,solved,False,5.0
True,A*,52,480.4820999997901,2012,-100,17664,44,buried_cards,0,-4886,True,93,solved,False,5.0
True,A*,53,1530.370500000572,13247,-100,46429,44,buried_cards,4409,-4797,True,101,solved,False,5.0
True,A*,54,1398.8653999986127,5420,-100,52470,44,buried_cards,0,-4921,True,87,solved,False,5.0
True,A*,55,149.79619999940041,915,-100,5120,44,buried_cards,0,-4706,True,104,solved,False,5.0
True,A*,56,147.56630000010773,464,-100,5392,44,buried_cards,0,-4968,True,85,solved,False,5.0
True,A*,57,640.2254999993602,3270,-100,21226,44,buried_cards,8,-4921,True,88,solved,False,5.0
True,A*,58,1221.0931999998138,2494,-100,51059,44,buried_cards,0,-4925,True,80,solved,False,5.0
True,A*,59,238.77979999997478,1612,-100,7619,44,buried_cards,0,-5057,True,78,solved,False,5.0
True,A*,60,607.6583000012761,2971,-100,22386,44,buried_cards,0,-4927,True,85,solved,False,5.0
True,A*,61,422.77419999845733,1762,-100,14873,44,buried_cards,0,-4879,True,91,solved,False,5.0
False,A*,62,30000.06420000136,256422,-100,758615,44,buried_cards,102376,,False,0,cancelled,True,5.0
True,A*,63,5599.7551000000385,47236,-100,164466,44,buried_cards,0,-4693,True,110,solved,False,5.0
True,A*,64,660.038899999563,2869,-100,22355,44,buried_cards,0,-4866,True,95,solved,False,5.0
True,A*,65,214.00270000049204,1335,-100,7254,44,buried_cards,0,-4846,True,95,solved,False,5.0
True,A*,66,272.5079999981972,1034,-100,10192,44,buried_cards,0,-4827,True,93,solved,False,5.0
True,A*,67,492.9097999993246,3760,-100,16471,44,buried_cards,6,-4758,True,97,solved,False,5.0
True,A*,68,258.150999999998,1012,-100,9121,44,buried_cards,0,-4921,True,86,solved,False,5.0
True,A*,69,211.39919999950507,1567,-100,6838,44,buried_cards,34,-4883,True,90,solved,False,5.0
True,A*,70,8447.132499999498,57134,-100,250640,44,buried_cards,12246,-4814,True,102,solved,False,5.0
True,A*,71,339.26210000026913,1665,-100,10602,44,buried_cards,0,-4955,True,86,solved,False,5.0
True,A*,72,2475.330199999007,12891,-100,79895,44,buried_cards,0,-4794,True,102,solved,False,5.0
True,A*,73,577.4099000009301,2968,-100,20534,44,buried_cards,0,-4907,True,81,solved,False,5.0
True,A*,74,164.86930000064604,700,-100,6123,44,buried_cards,0,-4775,True,101,solved,False,5.0
True,A*,75,176.62150000069232,648,-100,6603,44,buried_cards,0,-5006,True,75,solved,False,5.0
True,A*,76,2659.9661000000197,18414,-100,80312,44,buried_cards,1689,-4494,True,125,solved,False,5.0
True,A*,77,559.0173000000505,2969,-100,20862,44,buried_cards,0,-4995,True,80,solved,False,5.0
True,A*,78,49.35560000012629,253,-100,1617,44,buried_cards,0,-4988,True,81,solved,False,5.0
True,A*,79,324.86190000054194,2191,-100,11514,44,buried_cards,0,-4799,True,97,solved,False,5.0
True,A*,80,550.9474999998929,1925,-100,21619,44,buried_cards,0,-4991,True,81,solved,False,5.0
True,A*,81,109.95770000045013,309,-100,4270,44,buried_cards,0,-4942,True,79,solved,False,5.0
True,A*,82,103.40949999954319,618,-100,3525,44,buried_cards,0,-4867,True,94,solved,False,5.0
True,A*,83,25915.31920000125,131566,-100,709288,44,buried_cards,4028,-4595,True,119,solved,False,5.0
True,A*,84,810.0487000010617,7269,-100,26608,44,buried_cards,1001,-4787,True,99,solved,False,5.0
True,A*,85,270.3490999992937,724,-100,9691,44,buried_cards,0,-4900,True,87,solved,False,5.0
True,A*,86,1819.7395999995933,19881,-100,46301,44,buried_cards,3366,-4824,True,97,solved,False,5.0
True,A*,87,924.4846000001417,8885,-100,25997,44,buried_cards,4202,-4867,True,93,solved,False,5.0
True,A*,88,60.40020000000368,280,-100,2200,44,buried_cards,0,-4962,True,85,solved,False,5.0
True,A*,89,557.4677999993582,3352,-100,18762,44,buried_cards,0,-4911,True,89,solved,False,5.0
True,A*,90,1635.9891000010975,5583,-100,57414,44,buried_cards,0,-4927,True,86,solved,False,5.0
True,A*,91,1603.4049999998388,17156,-100,43210,44,buried_cards,1746,-4845,True,95,solved,False,5.0
True,A*,92,3985.2199999986624,30105,-100,118508,44,buried_cards,3883,-4775,True,105,solved,False,5.0
True,A*,93,147.16000000044005,731,-100,5330,44,buried_cards,0,-4794,True,93,solved,False,5.0
True,A*,94,386.9288999994751,2261,-100,13642,44,buried_cards,0,-4803,True,102,solved,False,5.0
True,A*,95,2805.1123000004736,32275,-100,74433,44,buried_cards,5893,-4562,True,117,solved,False,5.0
True,A*,96,4313.2413000003,36215,-100,127630,44,buried_cards,4700,-4728,True,102,solved,False,5.0
True,A*,97,1483.8472999999794,11580,-100,55718,44,buried_cards,3968,-4885,True,89,solved,False,5.0
True,A*,98,501.15849999929196,2060,-100,20302,44,buried_cards,0,-4840,True,92,solved,False,5.0
True,A*,99,2596.7808999994304,25177,-100,75671,44,buried_cards,9196,-4813,True,104,solved,False,5.0
False,A*,100,30138.69540000087,189231,-100,997422,44,buried_cards,24627,,False,0,cancelled,True,5.0
True,A*,1,1099.173200000223,5314,-100,40836,0,zero_heuristic,1070,-4751,True,101,solved,False,5.0
True,A*,2,315.5744000014238,1093,-100,13249,0,zero_heuristic,0,-4963,True,81,solved,False,5.0
True,A*,3,92.99600000122155,218,-100,3953,0,zero_heuristic,0,-5026,True,78,solved,False,5.0
True,A*,4,8543.47720000078,55095,-100,280145,0,zero_heuristic,13946,-4948,True,83,solved,False,5.0
False,A*,5,30000.03250000009,90339,-100,1011322,0,zero_heuristic,0,,False,0,cancelled,True,5.0
True,A*,6,589.0748000001622,1145,-100,25848,0,zero_heuristic,0,-4930,True,85,solved,False,5.0
True,A*,7,489.1981000000669,1463,-100,20784,0,zero_heuristic,0,-4860,True,90,solved,False,5.0
True,A*,8,402.93170000040845,770,-100,16794,0,zero_heuristic,0,-4978,True,84,solved,False,5.0
False,A*,9,30000.150800000483,222129,-100,897652,0,zero_heuristic,82152,,False,0,cancelled,True,5.0
True,A*,10,669.5744000007835,3730,-100,24620,0,zero_heuristic,1161,-4904,True,90,solved,False,5.0
True,A*,11,1058.0043999998452,2919,-100,43703,0,zero_heuristic,0,-4884,True,87,solved,False,5.0
True,A*,12,1402.438400000392,16841,-100,36953,0,zero_heuristic,10626,-4829,True,99,solved,False,5.0
True,A*,13,200.8088000002317,522,-100,8198,0,zero_heuristic,0,-4977,True,85,solved,False,5.0
True,A*,14,548.1182999992598,3355,-100,19422,0,zero_heuristic,922,-4909,True,84,solved,False,5.0
True,A*,15,862.1244999994815,2410,-100,36027,0,zero_heuristic,0,-4719,True,106,solved,False,5.0
True,A*,16,357.59190000135277,731,-100,16183,0,zero_heuristic,0,-4975,True,81,solved,False,5.0
True,A*,17,482.8930000003311,2766,-100,19981,0,zero_heuristic,0,-4873,True,89,solved,False,5.0
True,A*,18,1149.7564999990573,3101,-100,46037,0,zero_heuristic,0,-4877,True,89,solved,False,5.0
True,A*,19,290.58360000090033,1407,-100,10648,0,zero_heuristic,0,-4840,True,96,solved,False,5.0
True,A*,20,239.04299999958312,520,-100,9884,0,zero_heuristic,0,-4983,True,77,solved,False,5.0
True,A*,21,385.4346000007354,2743,-100,12179,0,zero_heuristic,0,-4842,True,99,solved,False,5.0
True,A*,22,316.0845000002155,594,-100,13456,0,zero_heuristic,0,-4967,True,85,solved,False,5.0
True,A*,23,255.2069000012125,719,-100,9495,0,zero_heuristic,0,-5026,True,79,solved,False,5.0
True,A*,24,598.2942000009643,2109,-100,23656,0,zero_heuristic,0,-4848,True,90,solved,False,5.0
True,A*,25,651.6602000010607,1674,-100,26203,0,zero_heuristic,0,-4917,True,89,solved,False,5.0
True,A*,26,439.09960000019055,1843,-100,17763,0,zero_heuristic,378,-4908,True,83,solved,False,5.0
True,A*,27,1119.2289999999048,2596,-100,44363,0,zero_heuristic,0,-4849,True,95,solved,False,5.0
True,A*,28,389.5296999999118,3664,-100,10412,0,zero_heuristic,32,-5073,True,78,solved,False,5.0
True,A*,29,4057.6195000012376,38629,-100,116306,0,zero_heuristic,21966,-4936,True,90,solved,False,5.0
True,A*,30,3655.7864999995218,25390,-100,123545,0,zero_heuristic,9982,-4814,True,99,solved,False,5.0
True,A*,31,295.49839999890537,745,-100,12494,0,zero_heuristic,0,-4999,True,81,solved,False,5.0
True,A*,32,449.8606999986805,3083,-100,14560,0,zero_heuristic,974,-4758,True,105,solved,False,5.0
True,A*,33,93.92440000010538,267,-100,4007,0,zero_heuristic,0,-5020,True,77,solved,False,5.0
True,A*,34,235.89799999899697,983,-100,9000,0,zero_heuristic,0,-4875,True,95,solved,False,5.0
True,A*,35,2928.236800000377,8523,-100,108696,0,zero_heuristic,0,-4954,True,92,solved,False,5.0
True,A*,36,540.5694000000949,3315,-100,17636,0,zero_heuristic,370,-4840,True,92,solved,False,5.0
False,A*,37,30221.370299999762,169609,-100,990927,0,zero_heuristic,65259,,False,0,cancelled,True,5.0
True,A*,38,1869.7281000004295,3626,-100,70824,0,zero_heuristic,0,-4798,True,92,solved,False,5.0
True,A*,39,8402.396999999837,64892,-100,255022,0,zero_heuristic,37055,-4811,True,99,solved,False,5.0
True,A*,40,236.03989999901387,639,-100,8514,0,zero_heuristic,0,-4852,True,93,solved,False,5.0
True,A*,41,354.34499999973923,1005,-100,14318,0,zero_heuristic,0,-4971,True,85,solved,False,5.0
True,A*,42,263.7558000005811,564,-100,10848,0,zero_heuristic,0,-4878,True,91,solved,False,5.0
True,A*,43,2619.792500001495,5614,-100,102601,0,zero_heuristic,0,-4937,True,88,solved,False,5.0
True,A*,44,1260.514300000068,4134,-100,46585,0,zero_heuristic,0,-4965,True,86,solved,False,5.0
True,A*,45,1331.478199999765,3607,-100,48883,0,zero_heuristic,0,-4864,True,93,solved,False,5.0
True,A*,46,111.07210000045598,267,-100,4443,0,zero_heuristic,2,-5047,True,76,solved,False,5.0
True,A*,47,457.27590000024065,1263,-100,16124,0,zero_heuristic,0,-4899,True,91,solved,False,5.0
True,A*,48,724.2524000012054,2718,-100,27980,0,zero_heuristic,0,-4795,True,92,solved,False,5.0
True,A*,49,1056.2933999990491,4563,-100,37926,0,zero_heuristic,290,-4842,True,97,solved,False,5.0
True,A*,50,62.3092000005272,114,-100,2512,0,zero_heuristic,0,-5034,True,84,solved,False,5.0
True,A*,51,314.62959999953455,865,-100,12074,0,zero_heuristic,0,-4852,True,89,solved,False,5.0
True,A*,52,705.4767999998148,1934,-100,26090,0,zero_heuristic,0,-4882,True,93,solved,False,5.0
True,A*,53,1522.8434000000561,11139,-100,47933,0,zero_heuristic,2825,-4802,True,100,solved,False,5.0
True,A*,54,2162.597700000333,5569,-100,83080,0,zero_heuristic,0,-4958,True,85,solved,False,5.0
True,A*,55,262.8767999995034,734,-100,11097,0,zero_heuristic,0,-4905,True,91,solved,False,5.0
True,A*,56,568.734399999812,1027,-100,22770,0,zero_heuristic,0,-4898,True,89,solved,False,5.0
True,A*,57,889.1098999993119,3129,-100,32009,0,zero_heuristic,8,-4949,True,86,solved,False,5.0
True,A*,58,1006.4977999991243,1336,-100,42534,0,zero_heuristic,0,-5060,True,73,solved,False,5.0
True,A*,59,240.85820000073,1056,-100,8841,0,zero_heuristic,0,-4995,True,82,solved,False,5.0
True,A*,60,146.1963999990985,371,-100,5997,0,zero_heuristic,0,-5015,True,81,solved,False,5.0
True,A*,61,2332.8684999996767,14707,-100,76692,0,zero_heuristic,3487,-4759,True,107,solved,False,5.0
False,A*,62,30000.082000000475,242872,-100,760426,0,zero_heuristic,102193,,False,0,cancelled,True,5.0
True,A*,63,1174.7722000000067,8298,-100,34867,0,zero_heuristic,1101,-4710,True,112,solved,False,5.0
True,A*,64,1198.1394000013097,3743,-100,41085,0,zero_heuristic,0,-4847,True,95,solved,False,5.0
True,A*,65,338.3367999995244,841,-100,13856,0,zero_heuristic,0,-4829,True,89,solved,False,5.0
True,A*,66,294.2371999997704,703,-100,11699,0,zero_heuristic,0,-4854,True,94,solved,False,5.0
True,A*,67,832.2137999984989,4762,-100,27281,0,zero_heuristic,718,-4743,True,98,solved,False,5.0
True,A*,68,246.78730000050564,756,-100,9496,0,zero_heuristic,0,-4949,True,87,solved,False,5.0
True,A*,69,313.2556000000477,1439,-100,10122,0,zero_heuristic,34,-4897,True,88,solved,False,5.0
True,A*,70,19639.565800000128,150480,-100,515670,0,zero_heuristic,13783,-4844,True,100,solved,False,5.0
True,A*,71,245.48430000140797,1267,-100,9475,0,zero_heuristic,220,-4993,True,78,solved,False,5.0
True,A*,72,9285.268100000394,30560,-100,298369,0,zero_heuristic,0,-4696,True,110,solved,False,5.0
True,A*,73,1693.2266000003438,5592,-100,65734,0,zero_heuristic,966,-4883,True,86,solved,False,5.0
True,A*,74,145.59510000071896,491,-100,5515,0,zero_heuristic,0,-4959,True,89,solved,False,5.0
True,A*,75,110.48859999937122,207,-100,4818,0,zero_heuristic,0,-4985,True,77,solved,False,5.0
True,A*,76,2557.4612000000343,15436,-100,80223,0,zero_heuristic,860,-4528,True,124,solved,False,5.0
True,A*,77,1095.8298000005016,4506,-100,39565,0,zero_heuristic,138,-4989,True,80,solved,False,5.0
True,A*,78,71.38920000033977,271,-100,2692,0,zero_heuristic,0,-4989,True,82,solved,False,5.0
True,A*,79,967.6328000005014,2776,-100,36443,0,zero_heuristic,0,-4891,True,90,solved,False,5.0
True,A*,80,1138.7618999997358,2980,-100,45688,0,zero_heuristic,0,-4956,True,83,solved,False,5.0
True,A*,81,238.64669999966281,481,-100,8946,0,zero_heuristic,0,-4963,True,78,solved,False,5.0
True,A*,82,132.18419999975595,601,-100,4776,0,zero_heuristic,0,-4980,True,85,solved,False,5.0
True,A*,83,26182.90859999979,97360,-100,722182,0,zero_heuristic,429,-4741,True,109,solved,False,5.0
False,A*,84,30000.00480000017,242449,-100,843566,0,zero_heuristic,120984,,False,0,cancelled,True,5.0
True,A*,85,422.79769999913697,803,-100,18767,0,zero_heuristic,0,-4949,True,85,solved,False,5.0
True,A*,86,1500.2146000006178,15239,-100,39317,0,zero_heuristic,2858,-4850,True,96,solved,False,5.0
True,A*,87,729.3437000007543,4955,-100,25109,0,zero_heuristic,0,-4824,True,98,solved,False,5.0
True,A*,88,551.4865999994072,1299,-100,21343,0,zero_heuristic,0,-4869,True,91,solved,False,5.0
True,A*,89,607.1487999997771,2717,-100,20593,0,zero_heuristic,0,-4963,True,87,solved,False,5.0
True,A*,90,1531.1349000003247,3055,-100,57205,0,zero_heuristic,0,-4946,True,83,solved,False,5.0
True,A*,91,1546.176199999536,15737,-100,43127,0,zero_heuristic,1544,-4875,True,93,solved,False,5.0
True,A*,92,6636.540999999852,47427,-100,199381,0,zero_heuristic,15300,-4777,True,104,solved,False,5.0
True,A*,93,570.1014000005671,1586,-100,21211,0,zero_heuristic,0,-4764,True,96,solved,False,5.0
True,A*,94,856.5044999995735,2041,-100,28992,0,zero_heuristic,0,-4858,True,99,solved,False,5.0
True,A*,95,6824.029599998539,67769,-100,188774,0,zero_heuristic,25402,-4772,True,103,solved,False,5.0
True,A*,96,4986.63039999883,36608,-100,145517,0,zero_heuristic,4411,-4796,True,100,solved,False,5.0
True,A*,97,1320.0677000004362,6135,-100,51422,0,zero_heuristic,1820,-4911,True,89,solved,False,5.0
True,A*,98,764.5002999997814,1978,-100,32377,0,zero_heuristic,2,-4927,True,91,solved,False,5.0
True,A*,99,580.7193000000552,1239,-100,20904,0,zero_heuristic,16,-4842,True,95,solved,False,5.0
False,A*,100,30000.010000001566,180476,-100,991057,0,zero_heuristic,43095,,False,0,cancelled,True,5.0
True,A*,1,1112.3626999997214,5460,-100,41103,52,foundation_distance,1138,-4751,True,101,solved,False,5.0
True,A*,2,318.710600000486,1093,-100,13249,52,foundation_distance,0,-4963,True,81,solved,False,5.0
True,A*,3,92.60399999948277,218,-100,3953,52,foundation_distance,0,-5026,True,78,solved,False,5.0
True,A*,4,8691.313600000285,57447,-100,285029,52,foundation_distance,16062,-4948,True,83,solved,False,5.0
False,A*,5,30000.008200000593,91319,-100,1013536,52,foundation_distance,0,,False,0,cancelled,True,5.0
True,A*,6,578.7483000003704,1145,-100,25848,52,foundation_distance,0,-4930,True,85,solved,False,5.0
True,A*,7,490.2287000004435,1463,-100,20784,52,foundation_distance,0,-4860,True,90,solved,False,5.0
True,A*,8,401.1882999984664,770,-100,16794,52,foundation_distance,0,-4978,True,84,solved,False,5.0
False,A*,9,30000.187599998753,226891,-100,892879,52,foundation_distance,87882,,False,0,cancelled,True,5.0
True,A*,10,670.740300000034,3811,-100,24759,52,foundation_distance,1229,-4904,True,90,solved,False,5.0
True,A*,11,1059.8245000001043,2919,-100,43703,52,foundation_distance,0,-4884,True,87,solved,False,5.0
True,A*,12,1424.9364999996033,17104,-100,37288,52,foundation_distance,10889,-4829,True,99,solved,False,5.0
True,A*,13,201.2687000005826,522,-100,8198,52,foundation_distance,0,-4977,True,85,solved,False,5.0
True,A*,14,569.540300000881,3632,-100,19945,52,foundation_distance,1028,-4909,True,84,solved,False,5.0
True,A*,15,862.8459999999905,2410,-100,36027,52,foundation_distance,0,-4719,True,106,solved,False,5.0
True,A*,16,359.4953000010719,731,-100,16183,52,foundation_distance,0,-4975,True,81,solved,False,5.0
True,A*,17,484.45360000005167,2766,-100,19981,52,foundation_distance,0,-4873,True,89,solved,False,5.0
True,A*,18,1163.2661000003282,3101,-100,46037,52,foundation_distance,0,-4877,True,89,solved,False,5.0
True,A*,19,289.33039999901666,1407,-100,10648,52,foundation_distance,0,-4840,True,96,solved,False,5.0
True,A*,20,238.23970000012196,520,-100,9884,52,foundation_distance,0,-4983,True,77,solved,False,5.0
True,A*,21,394.6694000005664,2743,-100,12179,52,foundation_distance,0,-4842,True,99,solved,False,5.0
True,A*,22,315.6617999993614,594,-100,13456,52,foundation_distance,0,-4967,True,85,solved,False,5.0
True,A*,23,259.675100000095,719,-100,9495,52,foundation_distance,0,-5026,True,79,solved,False,5.0
True,A*,24,596.3646999989578,2109,-100,23656,52,foundation_distance,0,-4848,True,90,solved,False,5.0
True,A*,25,658.8884000011603,1674,-100,26203,52,foundation_distance,0,-4917,True,89,solved,False,5.0
True,A*,26,447.8314000007231,1843,-100,17763,52,foundation_distance,378,-4908,True,83,solved,False,5.0
True,A*,27,1128.6866000009468,2596,-100,44363,52,foundation_distance,0,-4849,True,95,solved,False,5.0
True,A*,28,444.24269999944954,4367,-100,12134,52,foundation_distance,32,-5073,True,78,solved,False,5.0
True,A*,29,4076.940900000409,38743,-100,116486,52,foundation_distance,22072,-4936,True,90,solved,False,5.0
True,A*,30,3695.0667000000976,26023,-100,124482,52,foundation_distance,10609,-4814,True,99,solved,False,5.0
True,A*,31,296.1008000002039,745,-100,12494,52,foundation_distance,0,-4999,True,81,solved,False,5.0
True,A*,32,454.21779999924183,3105,-100,14565,52,foundation_distance,996,-4758,True,105,solved,False,5.0
True,A*,33,96.58889999991516,267,-100,4007,52,foundation_distance,0,-5020,True,77,solved,False,5.0
True,A*,34,234.62749999998778,983,-100,9000,52,foundation_distance,0,-4875,True,95,solved,False,5.0
True,A*,35,2963.1441999990784,8523,-100,108696,52,foundation_distance,0,-4954,True,92,solved,False,5.0
True,A*,36,507.3655999985931,3321,-100,17636,52,foundation_distance,376,-4840,True,92,solved,False,5.0
False,A*,37,30000.253999998677,172731,-100,992992,52,foundation_distance,68231,,False,0,cancelled,True,5.0
True,A*,38,1846.0398000006535,3626,-100,70824,52,foundation_distance,0,-4798,True,92,solved,False,5.0
True,A*,39,8406.299800000852,64976,-100,255081,52,foundation_distance,37139,-4811,True,99,solved,False,5.0
True,A*,40,219.5594999993773,639,-100,8514,52,foundation_distance,0,-4852,True,93,solved,False,5.0
True,A*,41,368.14810000032594,1005,-100,14318,52,foundation_distance,0,-4971,True,85,solved,False,5.0
True,A*,42,264.83339999867894,564,-100,10848,52,foundation_distance,0,-4878,True,91,solved,False,5.0
True,A*,43,2642.275399999562,5614,-100,102601,52,foundation_distance,0,-4937,True,88,solved,False,5.0
True,A*,44,1279.5097999987775,4134,-100,46585,52,foundation_distance,0,-4965,True,86,solved,False,5.0
True,A*,45,1350.964200000817,3607,-100,48883,52,foundation_distance,0,-4864,True,93,solved,False,5.0
True,A*,46,111.22539999996661,267,-100,4443,52,foundation_distance,2,-5047,True,76,solved,False,5.0
True,A*,47,459.9295999996684,1263,-100,16124,52,foundation_distance,0,-4899,True,91,solved,False,5.0
True,A*,48,722.2518999988097,2718,-100,27980,52,foundation_distance,0,-4795,True,92,solved,False,5.0
True,A*,49,1056.0488999999507,4563,-100,37926,52,foundation_distance,290,-4842,True,97,solved,False,5.0
True,A*,50,62.21159999950032,114,-100,2512,52,foundation_distance,0,-5034,True,84,solved,False,5.0
True,A*,51,309.8343000001478,865,-100,12074,52,foundation_distance,0,-4852,True,89,solved,False,5.0
True,A*,52,718.3269000015571,1934,-100,26090,52,foundation_distance,0,-4882,True,93,solved,False,5.0
True,A*,53,1520.6460999997944,11625,-100,49297,52,foundation_distance,3065,-4802,True,100,solved,False,5.0
True,A*,54,2190.915799999857,5569,-100,83080,52,foundation_distance,0,-4958,True,85,solved,False,5.0
True,A*,55,263.45779999974184,734,-100,11097,52,foundation_distance,0,-4905,True,91,solved,False,5.0
True,A*,56,583.071299999574,1027,-100,22770,52,foundation_distance,0,-4898,True,89,solved,False,5.0
True,A*,57,895.2911000014865,3129,-100,32009,52,foundation_distance,8,-4949,True,86,solved,False,5.0
True,A*,58,1016.2966000007145,1336,-100,42534,52,foundation_distance,0,-5060,True,73,solved,False,5.0
True,A*,59,244.84359999951266,1056,-100,8841,52,foundation_distance,0,-4995,True,82,solved,False,5.0
True,A*,60,148.76960000037798,371,-100,5997,52,foundation_distance,0,-5015,True,81,solved,False,5.0
True,A*,61,2365.5300000009447,14819,-100,76744,52,foundation_distance,3593,-4759,True,107,solved,False,5.0
False,A*,62,30037.93509999923,237652,-100,770813,52,foundation_distance,80103,,False,0,cancelled,True,5.0
True,A*,63,1171.9580000008136,8362,-100,34948,52,foundation_distance,1134,-4710,True,112,solved,False,5.0
True,A*,64,1115.0426999993215,3743,-100,41085,52,foundation_distance,0,-4847,True,95,solved,False,5.0
True,A*,65,363.5159000004933,841,-100,13856,52,foundation_distance,0,-4829,True,89,solved,False,5.0
True,A*,66,292.7519000004395,703,-100,11699,52,foundation_distance,0,-4854,True,94,solved,False,5.0
True,A*,67,878.7285999987944,4887,-100,27481,52,foundation_distance,718,-4743,True,98,solved,False,5.0
True,A*,68,250.14850000115985,756,-100,9496,52,foundation_distance,0,-4949,True,87,solved,False,5.0
True,A*,69,314.81349999921804,1439,-100,10122,52,foundation_distance,34,-4897,True,88,solved,False,5.0
True,A*,70,20464.043900001343,157592,-100,532383,52,foundation_distance,14813,-4844,True,100,solved,False,5.0
True,A*,71,250.40230000013253,1267,-100,9475,52,foundation_distance,220,-4993,True,78,solved,False,5.0
True,A*,72,9292.220300001645,30509,-100,298246,52,foundation_distance,0,-4696,True,110,solved,False,5.0
True,A*,73,1626.2910000004922,5637,-100,65767,52,foundation_distance,989,-4883,True,86,solved,False,5.0
True,A*,74,184.17140000019572,491,-100,5515,52,foundation_distance,0,-4959,True,89,solved,False,5.0
True,A*,75,107.83290000108536,207,-100,4818,52,foundation_distance,0,-4985,True,77,solved,False,5.0
True,A*,76,2419.388700000127,15223,-100,78763,52,foundation_distance,925,-4528,True,124,solved,False,5.0
True,A*,77,1134.0700000000652,4506,-100,39565,52,foundation_distance,138,-4989,True,80,solved,False,5.0
True,A*,78,72.24920000044222,271,-100,2692,52,foundation_distance,0,-4989,True,82,solved,False,5.0
True,A*,79,980.4112000001624,2776,-100,36443,52,foundation_distance,0,-4891,True,90,solved,False,5.0
True,A*,80,1154.5738999993773,2980,-100,45688,52,foundation_distance,0,-4956,True,83,solved,False,5.0
True,A*,81,211.50590000070224,481,-100,8946,52,foundation_distance,0,-4963,True,78,solved,False,5.0
True,A*,82,133.9166000016121,601,-100,4776,52,foundation_distance,0,-4980,True,85,solved,False,5.0
True,A*,83,27347.83399999833,102426,-100,754532,52,foundation_distance,877,-4741,True,109,solved,False,5.0
False,A*,84,30000.092099999165,242417,-100,845631,52,foundation_distance,121480,,False,0,cancelled,True,5.0
True,A*,85,421.1006000005,803,-100,18767,52,foundation_distance,0,-4949,True,85,solved,False,5.0
True,A*,86,1575.813699999344,16187,-100,41080,52,foundation_distance,3136,-4850,True,96,solved,False,5.0
True,A*,87,787.7941000006103,4991,-100,25118,52,foundation_distance,0,-4824,True,98,solved,False,5.0
True,A*,88,525.1513999992312,1299,-100,21343,52,foundation_distance,0,-4869,True,91,solved,False,5.0
True,A*,89,609.259299999394,2717,-100,20593,52,foundation_distance,0,-4963,True,87,solved,False,5.0
True,A*,90,1503.264199998739,3055,-100,57205,52,foundation_distance,0,-4946,True,83,solved,False,5.0
True,A*,91,1606.1604999995325,15987,-100,43472,52,foundation_distance,1666,-4875,True,93,solved,False,5.0
True,A*,92,6799.03639999975,48749,-100,204599,52,foundation_distance,16364,-4777,True,104,solved,False,5.0
True,A*,93,559.4916999998532,1586,-100,21211,52,foundation_distance,0,-4764,True,96,solved,False,5.0
True,A*,94,771.8848999993497,2041,-100,28992,52,foundation_distance,0,-4858,True,99,solved,False,5.0
True,A*,95,7126.405499999237,70745,-100,198120,52,foundation_distance,26654,-4772,True,103,solved,False,5.0
True,A*,96,4943.190199999663,36858,-100,145883,52,foundation_distance,4640,-4796,True,100,solved,False,5.0
True,A*,97,1317.3628999993525,6165,-100,51452,52,foundation_distance,1850,-4911,True,89,solved,False,5.0
True,A*,98,834.6038999989105,1978,-100,32377,52,foundation_distance,2,-4927,True,91,solved,False,5.0
True,A*,99,610.7360999994853,1239,-100,20904,52,foundation_distance,16,-4842,True,95,solved,False,5.0
False,A*,100,30000.089499999376,180538,-100,998347,52,foundation_distance,43413,,False,0,cancelled,True,5.0
True,A*,1,1204.6648000014102,5460,-100,41103,52,combined_heuristic,1138,-4751,True,101,solved,False,5.0
True,A*,2,342.57289999914065,1093,-100,13249,52,combined_heuristic,0,-4963,True,81,solved,False,5.0
True,A*,3,98.96679999837943,218,-100,3953,52,combined_heuristic,0,-5026,True,78,solved,False,5.0
True,A*,4,9097.915000000285,57447,-100,285029,52,combined_heuristic,16062,-4948,True,83,solved,False,5.0
False,A*,5,30000.216000000364,81406,-100,980678,52,combined_heuristic,0,,False,0,cancelled,True,5.0
True,A*,6,619.8273000009067,1145,-100,25848,52,combined_heuristic,0,-4930,True,85,solved,False,5.0
True,A*,7,527.8462999995099,1463,-100,20784,52,combined_heuristic,0,-4860,True,90,solved,False,5.0
True,A*,8,429.78020000009565,770,-100,16794,52,combined_heuristic,0,-4978,True,84,solved,False,5.0
False,A*,9,30000.22710000121,220307,-100,859366,52,combined_heuristic,86685,,False,0,cancelled,True,5.0
True,A*,10,681.871400000091,3811,-100,24759,52,combined_heuristic,1229,-4904,True,90,solved,False,5.0
True,A*,11,1046.4027999987593,2919,-100,43703,52,combined_heuristic,0,-4884,True,87,solved,False,5.0
True,A*,12,1427.5244000000384,17104,-100,37288,52,combined_heuristic,10889,-4829,True,99,solved,False,5.0
True,A*,13,198.91160000042873,522,-100,8198,52,combined_heuristic,0,-4977,True,85,solved,False,5.0
True,A*,14,573.5848000003898,3632,-100,19945,52,combined_heuristic,1028,-4909,True,84,solved,False,5.0
True,A*,15,889.737100000275,2410,-100,36027,52,combined_heuristic,0,-4719,True,106,solved,False,5.0
True,A*,16,358.9464999986376,731,-100,16183,52,combined_heuristic,0,-4975,True,81,solved,False,5.0
True,A*,17,495.45690000013565,2766,-100,19981,52,combined_heuristic,0,-4873,True,89,solved,False,5.0
True,A*,18,1162.4727999987954,3101,-100,46037,52,combined_heuristic,0,-4877,True,89,solved,False,5.0
True,A*,19,287.4786000011227,1407,-100,10648,52,combined_heuristic,0,-4840,True,96,solved,False,5.0
True,A*,20,243.8373999993928,520,-100,9884,52,combined_heuristic,0,-4983,True,77,solved,False,5.0
True,A*,21,402.1511000009923,2743,-100,12179,52,combined_heuristic,0,-4842,True,99,solved,False,5.0
True,A*,22,320.6216000016866,594,-100,13456,52,combined_heuristic,0,-4967,True,85,solved,False,5.0
True,A*,23,262.96560000082536,719,-100,9495,52,combined_heuristic,0,-5026,True,79,solved,False,5.0
True,A*,24,593.9727000004495,2109,-100,23656,52,combined_heuristic,0,-4848,True,90,solved,False,5.0
True,A*,25,665.5430999999226,1674,-100,26203,52,combined_heuristic,0,-4917,True,89,solved,False,5.0
True,A*,26,447.00469999952475,1843,-100,17763,52,combined_heuristic,378,-4908,True,83,solved,False,5.0
True,A*,27,1140.5832000000373,2596,-100,44363,52,combined_heuristic,0,-4849,True,95,solved,False,5.0
True,A*,28,446.77860000047076,4367,-100,12134,52,combined_heuristic,32,-5073,True,78,solved,False,5.0
True,A*,29,4075.706800000262,38743,-100,116486,52,combined_heuristic,22072,-4936,True,90,solved,False,5.0
True,A*,30,3726.777800000491,26023,-100,124482,52,combined_heuristic,10609,-4814,True,99,solved,False,5.0
True,A*,31,299.7256999988167,745,-100,12494,52,combined_heuristic,0,-4999,True,81,solved,False,5.0
True,A*,32,459.7377999998571,3105,-100,14565,52,combined_heuristic,996,-4758,True,105,solved,False,5.0
True,A*,33,94.96839999883377,267,-100,4007,52,combined_heuristic,0,-5020,True,77,solved,False,5.0
True,A*,34,239.14460000014515,983,-100,9000,52,combined_heuristic,0,-4875,True,95,solved,False,5.0
True,A*,35,2984.0884000004735,8523,-100,108696,52,combined_heuristic,0,-4954,True,92,solved,False,5.0
True,A*,36,501.0859000012715,3321,-100,17636,52,combined_heuristic,376,-4840,True,92,solved,False,5.0
False,A*,37,30000.126400000227,173936,-100,999231,52,combined_heuristic,68231,,False,0,cancelled,True,5.0
True,A*,38,1980.2890999999363,3626,-100,70824,52,combined_heuristic,0,-4798,True,92,solved,False,5.0
True,A*,39,8269.607700000051,64976,-100,255081,52,combined_heuristic,37139,-4811,True,99,solved,False,5.0
True,A*,40,240.80460000004678,639,-100,8514,52,combined_heuristic,0,-4852,True,93,solved,False,5.0
True,A*,41,360.5936000003567,1005,-100,14318,52,combined_heuristic,0,-4971,True,85,solved,False,5.0
True,A*,42,257.0434999997815,564,-100,10848,52,combined_heuristic,0,-4878,True,91,solved,False,5.0
True,A*,43,5194.363500000691,5614,-100,102601,52,combined_heuristic,0,-4937,True,88,solved,False,5.0
True,A*,44,1896.7601000003924,4134,-100,46585,52,combined_heuristic,0,-4965,True,86,solved,False,5.0
True,A*,45,2612.4128000010387,3607,-100,48883,52,combined_heuristic,0,-4864,True,93,solved,False,5.0
True,A*,46,215.20609999970475,267,-100,4443,52,combined_heuristic,2,-5047,True,76,solved,False,5.0
True,A*,47,891.8559000012465,1263,-100,16124,52,combined_heuristic,0,-4899,True,91,solved,False,5.0
True,A*,48,1433.7021999999706,2718,-100,27980,52,combined_heuristic,0,-4795,True,92,solved,False,5.0
True,A*,49,2074.4895999996515,4563,-100,37926,52,combined_heuristic,290,-4842,True,97,solved,False,5.0
True,A*,50,174.56529999981285,114,-100,2512,52,combined_heuristic,0,-5034,True,84,solved,False,5.0
True,A*,51,596.1846000009245,865,-100,12074,52,combined_heuristic,0,-4852,True,89,solved,False,5.0
True,A*,52,1379.435699998794,1934,-100,26090,52,combined_heuristic,0,-4882,True,93,solved,False,5.0
True,A*,53,3029.9856000001455,11625,-100,49297,52,combined_heuristic,3065,-4802,True,100,solved,False,5.0
True,A*,54,4268.84229999996,5569,-100,83080,52,combined_heuristic,0,-4958,True,85,solved,False,5.0
True,A*,55,541.6387999994186,734,-100,11097,52,combined_heuristic,0,-4905,True,91,solved,False,5.0
True,A*,56,1124.097099998835,1027,-100,22770,52,combined_heuristic,0,-4898,True,89,solved,False,5.0
True,A*,57,1794.177200001286,3129,-100,32009,52,combined_heuristic,8,-4949,True,86,solved,False,5.0
True,A*,58,2141.0343000006833,1336,-100,42534,52,combined_heuristic,0,-5060,True,73,solved,False,5.0
True,A*,59,486.8760999997903,1056,-100,8841,52,combined_heuristic,0,-4995,True,82,solved,False,5.0
True,A*,60,327.6428000008309,371,-100,5997,52,combined_heuristic,0,-5015,True,81,solved,False,5.0
True,A*,61,4477.760800000397,14819,-100,76744,52,combined_heuristic,3593,-4759,True,107,solved,False,5.0
False,A*,62,30000.094700000773,233300,-100,754183,52,combined_heuristic,79323,,False,0,cancelled,True,5.0
True,A*,63,1088.0828999997902,8362,-100,34948,52,combined_heuristic,1134,-4710,True,112,solved,False,5.0
True,A*,64,1056.026300000667,3743,-100,41085,52,combined_heuristic,0,-4847,True,95,solved,False,5.0
True,A*,65,347.3383999989892,841,-100,13856,52,combined_heuristic,0,-4829,True,89,solved,False,5.0
True,A*,66,285.0999000002048,703,-100,11699,52,combined_heuristic,0,-4854,True,94,solved,False,5.0
True,A*,67,780.6877999992139,4887,-100,27481,52,combined_heuristic,718,-4743,True,98,solved,False,5.0
True,A*,68,239.3619000013132,756,-100,9496,52,combined_heuristic,0,-4949,True,87,solved,False,5.0
True,A*,69,296.19370000000345,1439,-100,10122,52,combined_heuristic,34,-4897,True,88,solved,False,5.0
True,A*,70,19842.0258999995,157592,-100,532383,52,combined_heuristic,14813,-4844,True,100,solved,False,5.0
True,A*,71,241.69820000133768,1267,-100,9475,52,combined_heuristic,220,-4993,True,78,solved,False,5.0
True,A*,72,8983.24219999995,30509,-100,298246,52,combined_heuristic,0,-4696,True,110,solved,False,5.0
True,A*,73,1650.227600001017,5637,-100,65767,52,combined_heuristic,989,-4883,True,86,solved,False,5.0
True,A*,74,143.84090000021388,491,-100,5515,52,combined_heuristic,0,-4959,True,89,solved,False,5.0
True,A*,75,109.31229999914649,207,-100,4818,52,combined_heuristic,0,-4985,True,77,solved,False,5.0
True,A*,76,2420.722700000624,15223,-100,78763,52,combined_heuristic,925,-4528,True,124,solved,False,5.0
True,A*,77,1059.3189999999595,4506,-100,39565,52,combined_heuristic,138,-4989,True,80,solved,False,5.0
True,A*,78,73.0396999988443,271,-100,2692,52,combined_heuristic,0,-4989,True,82,solved,False,5.0
True,A*,79,935.6614999996964,2776,-100,36443,52,combined_heuristic,0,-4891,True,90,solved,False,5.0
True,A*,80,1207.1458000009443,2980,-100,45688,52,combined_heuristic,0,-4956,True,83,solved,False,5.0
True,A*,81,212.61210000011488,481,-100,8946,52,combined_heuristic,0,-4963,True,78,solved,False,5.0
True,A*,82,133.77049999871815,601,-100,4776,52,combined_heuristic,0,-4980,True,85,solved,False,5.0
True,A*,83,26974.42450000017,102426,-100,754532,52,combined_heuristic,877,-4741,True,109,solved,False,5.0
False,A*,84,30000.112900001113,243096,-100,848447,52,combined_heuristic,122080,,False,0,cancelled,True,5.0
True,A*,85,470.59749999971245,803,-100,18767,52,combined_heuristic,0,-4949,True,85,solved,False,5.0
True,A*,86,1573.9405000003899,16187,-100,41080,52,combined_heuristic,3136,-4850,True,96,solved,False,5.0
True,A*,87,778.7241000005451,4991,-100,25118,52,combined_heuristic,0,-4824,True,98,solved,False,5.0
True,A*,88,580.2404999994906,1299,-100,21343,52,combined_heuristic,0,-4869,True,91,solved,False,5.0
True,A*,89,575.6824999989476,2717,-100,20593,52,combined_heuristic,0,-4963,True,87,solved,False,5.0
True,A*,90,1507.324800000788,3055,-100,57205,52,combined_heuristic,0,-4946,True,83,solved,False,5.0
True,A*,91,1587.21610000066,15987,-100,43472,52,combined_heuristic,1666,-4875,True,93,solved,False,5.0
True,A*,92,6845.798399999694,48749,-100,204599,52,combined_heuristic,16364,-4777,True,104,solved,False,5.0
True,A*,93,612.2950999997556,1586,-100,21211,52,combined_heuristic,0,-4764,True,96,solved,False,5.0
True,A*,94,841.6682000006404,2041,-100,28992,52,combined_heuristic,0,-4858,True,99,solved,False,5.0
True,A*,95,6979.989200001,70745,-100,198120,52,combined_heuristic,26654,-4772,True,103,solved,False,5.0
True,A*,96,4885.975099999996,36858,-100,145883,52,combined_heuristic,4640,-4796,True,100,solved,False,5.0
True,A*,97,1286.7064000001847,6165,-100,51452,52,combined_heuristic,1850,-4911,True,89,solved,False,5.0
True,A*,98,787.8658000008727,1978,-100,32377,52,combined_heuristic,2,-4927,True,91,solved,False,5.0
True,A*,99,598.1172000010702,1239,-100,20904,52,combined_heuristic,16,-4842,True,95,solved,False,5.0
False,A*,100,30000.045099999625,181690,-100,1003017,52,combined_heuristic,43413,,False,0,cancelled,True,5.0
True,A*,1,948.5181999989436,5152,-100,33602,74,progress_pressure_heuristic,1480,-4872,True,92,solved,False,5.0
True,A*,2,308.55719999999565,1179,-100,11447,74,progress_pressure_heuristic,0,-5034,True,79,solved,False,5.0
True,A*,3,74.7852000004059,133,-100,3118,74,progress_pressure_heuristic,0,-5078,True,77,solved,False,5.0
True,A*,4,5293.535700000575,32163,-100,173988,74,progress_pressure_heuristic,2130,-4923,True,85,solved,False,5.0
False,A*,5,30000.01219999831,80912,-100,1030339,74,progress_pressure_heuristic,5750,,False,0,cancelled,True,5.0
True,A*,6,489.36069999945175,955,-100,21374,74,progress_pressure_heuristic,0,-4925,True,86,solved,False,5.0
True,A*,7,529.6361000000616,1399,-100,22332,74,progress_pressure_heuristic,0,-4837,True,93,solved,False,5.0
True,A*,8,646.632199999658,1312,-100,28579,74,progress_pressure_heuristic,0,-4961,True,84,solved,False,5.0
False,A*,9,30000.083699998868,167309,-100,786551,74,progress_pressure_heuristic,50335,,False,0,cancelled,True,5.0
True,A*,10,476.6168000005564,3402,-100,16521,74,progress_pressure_heuristic,1229,-4895,True,91,solved,False,5.0
True,A*,11,1585.318899999038,2721,-100,47627,74,progress_pressure_heuristic,0,-4860,True,88,solved,False,5.0
True,A*,12,2847.384200000306,17160,-100,36205,74,progress_pressure_heuristic,11021,-4829,True,99,solved,False,5.0
True,A*,13,438.39370000023337,493,-100,8754,74,progress_pressure_heuristic,0,-4974,True,85,solved,False,5.0
True,A*,14,3198.6062999985734,15978,-100,60347,74,progress_pressure_heuristic,2585,-4888,True,87,solved,False,5.0
True,A*,15,1039.1830000007758,1424,-100,22868,74,progress_pressure_heuristic,0,-4748,True,104,solved,False,5.0
True,A*,16,491.86920000101964,419,-100,10711,74,progress_pressure_heuristic,0,-5018,True,82,solved,False,5.0
True,A*,17,914.4273999991128,2704,-100,18905,74,progress_pressure_heuristic,0,-4859,True,90,solved,False,5.0
True,A*,18,1650.3104000003077,2222,-100,34110,74,progress_pressure_heuristic,0,-4885,True,89,solved,False,5.0
True,A*,19,7230.22089999904,34281,-100,118965,74,progress_pressure_heuristic,17416,-4846,True,93,solved,False,5.0
True,A*,20,423.5873999987234,469,-100,9122,74,progress_pressure_heuristic,0,-4979,True,77,solved,False,5.0
True,A*,21,916.180300000633,2800,-100,15779,74,progress_pressure_heuristic,0,-4786,True,100,solved,False,5.0
True,A*,22,668.6621999997442,620,-100,14341,74,progress_pressure_heuristic,0,-4990,True,85,solved,False,5.0
True,A*,23,616.4778000002116,897,-100,12587,74,progress_pressure_heuristic,0,-4981,True,83,solved,False,5.0
True,A*,24,1418.8038000011147,2969,-100,27342,74,progress_pressure_heuristic,0,-4859,True,90,solved,False,5.0
True,A*,25,1083.998000000065,3289,-100,18088,74,progress_pressure_heuristic,867,-4885,True,93,solved,False,5.0
True,A*,26,760.2239999996527,1269,-100,15793,74,progress_pressure_heuristic,0,-4914,True,83,solved,False,5.0
True,A*,27,7795.4553999989,6567,-100,140948,74,progress_pressure_heuristic,0,-4737,True,101,solved,False,5.0
True,A*,28,901.3617999989947,4452,-100,13106,74,progress_pressure_heuristic,34,-5067,True,77,solved,False,5.0
True,A*,29,4866.606599998704,29460,-100,89058,74,progress_pressure_heuristic,16146,-4935,True,90,solved,False,5.0
True,A*,30,586.2584999995306,1102,-100,21147,74,progress_pressure_heuristic,0,-4876,True,92,solved,False,5.0
True,A*,31,352.6824000000488,612,-100,15978,74,progress_pressure_heuristic,0,-4955,True,83,solved,False,5.0
True,A*,32,451.9675000010466,2951,-100,15111,74,progress_pressure_heuristic,746,-4750,True,106,solved,False,5.0
True,A*,33,95.87210000063351,209,-100,3966,74,progress_pressure_heuristic,0,-5015,True,78,solved,False,5.0
True,A*,34,274.67890000116313,1026,-100,10257,74,progress_pressure_heuristic,0,-4888,True,96,solved,False,5.0
True,A*,35,2018.1386999993265,5456,-100,76481,74,progress_pressure_heuristic,0,-4944,True,92,solved,False,5.0
True,A*,36,397.1111999999266,1359,-100,15913,74,progress_pressure_heuristic,0,-4804,True,95,solved,False,5.0
False,A*,37,30127.774700000373,202614,-100,1013994,74,progress_pressure_heuristic,107704,,False,0,cancelled,True,5.0
True,A*,38,397.55159999913303,1370,-100,16762,74,progress_pressure_heuristic,0,-4742,True,97,solved,False,5.0
True,A*,39,3257.336299999224,7255,-100,121850,74,progress_pressure_heuristic,0,-4815,True,98,solved,False,5.0
True,A*,40,214.53789999941364,738,-100,8708,74,progress_pressure_heuristic,0,-4852,True,93,solved,False,5.0
True,A*,41,346.0218000000168,926,-100,14564,74,progress_pressure_heuristic,0,-4955,True,87,solved,False,5.0
True,A*,42,286.5529999999126,613,-100,12423,74,progress_pressure_heuristic,0,-4869,True,92,solved,False,5.0
True,A*,43,2350.001999999222,4480,-100,96649,74,progress_pressure_heuristic,0,-4939,True,88,solved,False,5.0
True,A*,44,1231.0777000002417,4008,-100,48933,74,progress_pressure_heuristic,0,-4955,True,86,solved,False,5.0
True,A*,45,972.576800000752,2492,-100,39912,74,progress_pressure_heuristic,0,-4850,True,94,solved,False,5.0
True,A*,46,154.70670000104292,326,-100,6641,74,progress_pressure_heuristic,2,-5002,True,81,solved,False,5.0
True,A*,47,513.4918000003381,1474,-100,20090,74,progress_pressure_heuristic,0,-4852,True,95,solved,False,5.0
True,A*,48,809.7668999998859,2914,-100,31674,74,progress_pressure_heuristic,0,-4788,True,94,solved,False,5.0
True,A*,49,1573.0982999994012,13397,-100,49941,74,progress_pressure_heuristic,5373,-4768,True,105,solved,False,5.0
True,A*,50,59.41100000018196,114,-100,2440,74,progress_pressure_heuristic,0,-5034,True,84,solved,False,5.0
True,A*,51,546.223800000007,1684,-100,20673,74,progress_pressure_heuristic,0,-4865,True,96,solved,False,5.0
True,A*,52,1315.942699999141,3378,-100,53042,74,progress_pressure_heuristic,0,-4827,True,98,solved,False,5.0
True,A*,53,1398.4561999986909,10490,-100,46695,74,progress_pressure_heuristic,2305,-4802,True,100,solved,False,5.0
True,A*,54,2352.5662000010925,6052,-100,96805,74,progress_pressure_heuristic,0,-4958,True,85,solved,False,5.0
True,A*,55,280.20010000000184,667,-100,11572,74,progress_pressure_heuristic,0,-4903,True,91,solved,False,5.0
True,A*,56,260.05459999942104,523,-100,11897,74,progress_pressure_heuristic,0,-4893,True,90,solved,False,5.0
True,A*,57,768.9307000000554,2461,-100,29044,74,progress_pressure_heuristic,8,-4972,True,86,solved,False,5.0
True,A*,58,1299.0606000003027,1980,-100,62837,74,progress_pressure_heuristic,0,-4956,True,80,solved,False,5.0
True,A*,59,241.44729999898118,966,-100,9255,74,progress_pressure_heuristic,0,-5002,True,81,solved,False,5.0
True,A*,60,190.35780000012892,451,-100,8523,74,progress_pressure_heuristic,0,-4946,True,83,solved,False,5.0
True,A*,61,2801.864700000806,14436,-100,93660,74,progress_pressure_heuristic,2050,-4783,True,104,solved,False,5.0
False,A*,62,30000.110799999675,239963,-100,803180,74,progress_pressure_heuristic,62039,,False,0,cancelled,True,5.0
True,A*,63,1059.556899999734,6423,-100,34473,74,progress_pressure_heuristic,1393,-4708,True,112,solved,False,5.0
True,A*,64,3750.7145999989007,30207,-100,110392,74,progress_pressure_heuristic,1670,-4851,True,97,solved,False,5.0
True,A*,65,328.2864000011614,818,-100,13899,74,progress_pressure_heuristic,0,-4788,True,94,solved,False,5.0
True,A*,66,317.56099999984144,685,-100,12255,74,progress_pressure_heuristic,0,-4794,True,99,solved,False,5.0
True,A*,67,691.648999998506,3947,-100,25764,74,progress_pressure_heuristic,6,-4701,True,101,solved,False,5.0
True,A*,68,283.4899999998015,732,-100,10240,74,progress_pressure_heuristic,0,-4889,True,90,solved,False,5.0
True,A*,69,284.18240000064543,1375,-100,10486,74,progress_pressure_heuristic,34,-4899,True,88,solved,False,5.0
True,A*,70,11521.872000001167,57029,-100,351747,74,progress_pressure_heuristic,13266,-4830,True,101,solved,False,5.0
True,A*,71,216.89279999918654,1236,-100,8068,74,progress_pressure_heuristic,294,-4981,True,80,solved,False,5.0
True,A*,72,4899.256999999125,15220,-100,165142,74,progress_pressure_heuristic,0,-4764,True,104,solved,False,5.0
True,A*,73,980.7514999993145,4309,-100,41232,74,progress_pressure_heuristic,1020,-4903,True,84,solved,False,5.0
True,A*,74,171.75329999918176,444,-100,5905,74,progress_pressure_heuristic,0,-4890,True,95,solved,False,5.0
True,A*,75,97.15890000006766,190,-100,4334,74,progress_pressure_heuristic,0,-4980,True,77,solved,False,5.0
True,A*,76,1524.1455999985192,9407,-100,48481,74,progress_pressure_heuristic,1113,-4600,True,117,solved,False,5.0
True,A*,77,1442.4816999999166,5280,-100,51287,74,progress_pressure_heuristic,220,-4986,True,79,solved,False,5.0
True,A*,78,163.0882000008569,571,-100,6272,74,progress_pressure_heuristic,0,-5053,True,76,solved,False,5.0
True,A*,79,1687.261099999887,5430,-100,63268,74,progress_pressure_heuristic,0,-4899,True,91,solved,False,5.0
True,A*,80,237.80170000100043,425,-100,9149,74,progress_pressure_heuristic,0,-5029,True,79,solved,False,5.0
True,A*,81,200.9278000004997,446,-100,8811,74,progress_pressure_heuristic,0,-4947,True,80,solved,False,5.0
True,A*,82,94.75770000062766,528,-100,3334,74,progress_pressure_heuristic,0,-4988,True,85,solved,False,5.0
False,A*,83,30000.275400001556,106599,-100,818509,74,progress_pressure_heuristic,1337,,False,0,cancelled,True,5.0
True,A*,84,16812.299499999426,138044,-100,543235,74,progress_pressure_heuristic,35102,-4864,True,90,solved,False,5.0
True,A*,85,299.9450999996043,579,-100,13450,74,progress_pressure_heuristic,0,-4927,True,88,solved,False,5.0
True,A*,86,1522.535500000231,16117,-100,40594,74,progress_pressure_heuristic,3258,-4849,True,97,solved,False,5.0
True,A*,87,927.2309000007226,7018,-100,30271,74,progress_pressure_heuristic,1986,-4885,True,92,solved,False,5.0
True,A*,88,426.54120000042894,903,-100,15820,74,progress_pressure_heuristic,0,-4887,True,91,solved,False,5.0
True,A*,89,487.0199999986653,2468,-100,17233,74,progress_pressure_heuristic,0,-4956,True,88,solved,False,5.0
True,A*,90,1836.2627000005887,3381,-100,72216,74,progress_pressure_heuristic,0,-4959,True,82,solved,False,5.0
True,A*,91,1940.4614999984915,18928,-100,53842,74,progress_pressure_heuristic,1924,-4844,True,96,solved,False,5.0
True,A*,92,7278.6042000007,45936,-100,222576,74,progress_pressure_heuristic,8854,-4752,True,109,solved,False,5.0
True,A*,93,706.4946999998938,1703,-100,27091,74,progress_pressure_heuristic,0,-4791,True,94,solved,False,5.0
True,A*,94,538.2794000015565,1267,-100,22135,74,progress_pressure_heuristic,0,-4931,True,96,solved,False,5.0
True,A*,95,6871.353599999566,71055,-100,194975,74,progress_pressure_heuristic,27267,-4772,True,103,solved,False,5.0
True,A*,96,4918.514099999811,37729,-100,155901,74,progress_pressure_heuristic,4753,-4781,True,102,solved,False,5.0
True,A*,97,1463.137499998993,6733,-100,59623,74,progress_pressure_heuristic,2233,-4835,True,97,solved,False,5.0
True,A*,98,801.812499999869,2182,-100,36044,74,progress_pressure_heuristic,4,-4930,True,89,solved,False,5.0
True,A*,99,507.38410000121803,1149,-100,20083,74,progress_pressure_heuristic,16,-4885,True,93,solved,False,5.0
False,A*,100,30000.046600000132,193634,-100,1009382,74,progress_pressure_heuristic,88105,,False,0,cancelled,True,5.0
